{"Samsung": 0.06742770089090414, "CMF": 0.0014102122009089179, "Nothing": 0.002418977132945954, "Vivo": 0.005481299248058385, "OnePlus": 0.0947106748946201, "iQOO": 0.02297513600312923, "Nokia": 0.7879740809173584, "realme": 0.014766054030684983, "Motorola": 0.002835864681389831}