{"Samsung": 0.11279715169701021, "Apple": 0.01793145623118104, "Nothing": 0.0023632208212192355, "CMF": 0.001337085464637199, "Nokia": 0.7928761330244563, "OnePlus": 0.03134377089196039, "iQOO": 0.022688992884425028, "Motorola": 0.0027933684706955434, "realme": 0.015868820514415127}