{
    "search_term": "PS 5 pro",
    "total_products_found": 62,
    "analysis_date": "2025-03-07",
    "top_brands": {
        "playstation": 0.7328492487139019,
        "nacon": 0.09974777713920437,
        "sony": 0.09916043765382597,
        "new": 0.021954925288664207,
        "pro": 0.013360833678431806,
        "ps5": 0.012330622688556137,
        "bionik": 0.006620981589799999,
        "cm": 0.004828807195908049,
        "pdp": 0.004023363137451816,
        "steel": 0.003427608041536648
    },
    "all_brands_count": 22
}