{"iQOO": 0.0, "Apple": 0.0, "Motorola": 0.31517715494447385, "OnePlus": 0.0, "realme": 0.0, "CMF": 0.14331041776837652, "Nothing": 0.08302485457429931, "Redmi": 0.1496562665256478, "POCO": 0.21099947117927023, "Samsung": 0.09783183500793231}