{"4": 0.0732899022801303, "Propellers": 0.011400651465798045, "Backpack": 0.004885993485342019, "FPVtosky": 0.08631921824104234, "VERTUS\u00ae": 0.0, "FCS": 0.026058631921824105, "Lekufee": 0.7068403908794788, "HeiyRC": 0.04071661237785016, "Tosiicop": 0.004885993485342019, "RC": 0.0016286644951140066, "M.G.R.J\u00ae": 0.043973941368078175}